create table departamentos (
    departamento varchar(100),
    divisao varchar(100),
    primary key (departamento)
  );

insert into departamentos values ('Automotivo','Auto & Hardware');
insert into departamentos values ('Bebês','Casa e Afins');
insert into departamentos values ('Beleza','Casa e Afins');
insert into departamentos values ('Roupas','Casa e Afins');
insert into departamentos values ('Computadores','Equipamentos Eletrônicos');
insert into departamentos values ('Eletronicos','Equipamentos Eletrônicos');
insert into departamentos values ('Games','Casa e Afins');
insert into departamentos values ('Jardim','Outdoors & Jardim');
insert into departamentos values ('Alimentícios','Casa e Afins');
insert into departamentos values ('Saúde','Casa e Afins');
insert into departamentos values ('Lar','Casa e Afins');
insert into departamentos values ('Industrial','Auto & Hardware');
insert into departamentos values ('Joalheria','Fashion');
insert into departamentos values ('Crianças','Casa e Afins');
insert into departamentos values ('Filmes','Entretenimento');
insert into departamentos values ('Música','Entretenimento');
insert into departamentos values ('Outdoors','Outdoors & Jardim');
insert into departamentos values ('Calçados','Casa e Afins');
insert into departamentos values ('Esporte','Games & Esporte');
insert into departamentos values ('Ferramentas','Auto & Hardware');
insert into departamentos values ('Brinquedos','Games & Esporte');


create table localizacao (
   idRegiao int,
   localizacao varchar(20),
   pais varchar(20),
   primary key (idRegiao)
  );

insert into localizacao values (1, 'Nordeste', 'Brasil');
insert into localizacao values (2, 'Sudeste', 'Brasil');
insert into localizacao values (3, 'Sul', 'Brasil');
insert into localizacao values (4, 'Norte', 'Brasil');
insert into localizacao values (5, 'British Columbia', 'Canada');
insert into localizacao values (6, 'Quebec', 'Canada');
insert into localizacao values (7, 'Nova Scotia', 'Canada');


create table funcionarios
  (
      idFuncionario integer,
      nome varchar(100),
      email varchar(200),
      sexo varchar(10),
      departamento varchar(100),
      admissao date,
      salario integer,
      cargo varchar(100),
      idRegiao int,
      primary key (idFuncionario)
  );

insert into funcionarios values (1,'Kelley','rkelley0@soundcloud.com','Feminino','Computadores','10/2/2009',67470,'Structural Engineer',2);
insert into funcionarios values (2,'Armstrong','sarmstrong1@infoseek.co.jp','Masculino','Esporte','3/31/2008',71869,'Financial Advisor',2);
insert into funcionarios values (3,'Carr','fcarr2@woothemes.com','Masculino','Automotivo','7/12/2009',101768,'Recruiting Manager',3);
insert into funcionarios values (4,'Murray','jmurray3@gov.uk','Feminino','Joalheria','12/25/2014',96897,'Desktop Support Technician',3);
insert into funcionarios values (5,'Ellis','jellis4@sciencedirect.com','Feminino','Alimentícios','9/19/2002',63702,'Software Engineer III',7);
insert into funcionarios values (6,'Phillips','bphillips5@time.com','Masculino','Ferramentas','8/21/2013',118497,'Executive Secretary',1);
insert into funcionarios values (7,'Williamson','rwilliamson6@ted.com','Masculino','Computadores','5/14/2006',65889,'Dental Hygienist',6);
insert into funcionarios values (8,'Harris','aharris7@ucoz.com','Feminino','Brinquedos','8/12/2003',84427,'Safety Technician I',4);
insert into funcionarios values (9,'James','rjames8@prnewswire.com','Masculino','Joalheria','9/7/2005',108657,'Sales Associate',2);
insert into funcionarios values (10,'Sanchez','rsanchez9@cloudflare.com','Masculino','Filmes','3/13/2013',108093,'Sales Representative',1);
insert into funcionarios values (11,'Jacobs','jjacobsa@sbwire.com','Feminino','Joalheria','11/27/2003',121966,'Community Outreach Specialist',7);
insert into funcionarios values (12,'Black','mblackb@edublogs.org','Masculino','Roupas','2/4/2003',44179,'Data Coordiator',7);
insert into funcionarios values (13,'Schmidt','sschmidtc@state.gov','Masculino','Bebês','10/13/2002',85227,'Compensation Analyst',3);
insert into funcionarios values (14,'Webb','awebbd@baidu.com','Feminino','Computadores','10/22/2006',59763,'Software Test Engineer III',4);
insert into funcionarios values (15,'Jacobs','ajacobse@google.it','Feminino','Games','3/4/2007',141139,'Community Outreach Specialist',7);
insert into funcionarios values (16,'Medina','smedinaf@amazonaws.com','Feminino','Bebês','3/14/2008',106659,'Web Developer III',1);
insert into funcionarios values (17,'Morgan','dmorgang@123-reg.co.uk','Feminino','Crianças','5/4/2011',148952,'Programmer IV',6);
insert into funcionarios values (18,'Nguyen','jnguyenh@google.com','Masculino','Lar','11/3/2014',93804,'Geologist II',5);
insert into funcionarios values (19,'Day','rdayi@chronoengine.com','Masculino','Eletronicos','9/22/2004',109890,'VP Sales',3);
insert into funcionarios values (20,'Carr','dcarrj@ocn.ne.jp','Feminino','Filmes','11/22/2007',115274,'VP Quality Control',5);
insert into funcionarios values (21,'Bryant','sbryantk@wunderground.com','Feminino','Industrial','8/12/2005',78052,'Software Consultant',3);
insert into funcionarios values (22,'Alexander','kalexanderl@marketwatch.com','Masculino','Automotivo','12/26/2011',144724,'Marketing Assistant',2);
insert into funcionarios values (23,'Chapman','jchapmanm@archive.org','Feminino','Joalheria','4/12/2001',126103,'Senior Developer',4);
insert into funcionarios values (24,'Kelly','ekellyn@weibo.com','Masculino','Jardim','6/29/2006',144965,'Nurse Practicioner',2);
insert into funcionarios values (25,'Stephens','jstephenso@ow.ly','Masculino','Brinquedos','6/4/2004',70613,'Business Systems Development Analyst',1);
insert into funcionarios values (26,'Porter','vporterp@yelp.com','Feminino','Lar','5/30/2011',90746,'Dental Hygienist',2);
insert into funcionarios values (27,'Owens','cowensq@shareasale.com','Feminino','Lar','5/26/2005',78698,'Executive Secretary',2);
insert into funcionarios values (28,'Scott','cscottr@sphinn.com','Feminino','Books','3/2/2008',63336,'Sales Representative',4);
insert into funcionarios values (29,'Price','cprices@Brasil.gov','Feminino','Roupas','7/5/2013',95436,'Quality Engineer',3);
insert into funcionarios values (30,'Weaver','dweavert@shinystat.com','Masculino','Beleza','2/17/2012',83144,'Account Representative III',2);
insert into funcionarios values (31,'Willis','hwillisu@army.mil','Feminino','Ferramentas','10/21/2012',113507,'Accountant I',7);
insert into funcionarios values (32,'Torres','ltorresv@amazon.de','Masculino','Games','4/7/2014',78245,'Nuclear Power Engineer',6);
insert into funcionarios values (33,'Greene','wgreenew@blogspot.com','Masculino','Filmes','3/21/2000',87057,'Assistant Manager',1);
insert into funcionarios values (34,'Reed','areedx@cisco.com','Masculino','Filmes','11/28/2002',120579,'Assistant Media Planner',6);
insert into funcionarios values (35,'Smith','bsmithy@statcounter.com','Feminino','Books','6/13/2013',94884,'Librarian',7);
insert into funcionarios values (36,'Bradley','nbradleyz@goodreads.com','Masculino','Outdoors','12/28/2008',107222,'Payment Adjustment Coordinator',3);
insert into funcionarios values (37,'Cruz','rcruz10@blinklist.com','Feminino','Lar','5/20/2000',61739,'Quality Engineer',1);
insert into funcionarios values (38,'Williamson','dwilliamson11@rediff.com','Feminino','Jardim','1/25/2012',82026,'Nurse',2);
insert into funcionarios values (39,'Kennedy','skennedy12@rediff.com','Masculino','Bebês','7/2/2011',79339,'Civil Engineer',1);
insert into funcionarios values (40,'Hawkins','phawkins13@twitpic.com','Feminino','Roupas','8/20/2011',76809,'Quality Engineer',6);
insert into funcionarios values (41,'Allen','jallen14@ustream.tv','Feminino','Bebês','5/10/2001',89680,'Web Developer III',6);
insert into funcionarios values (42,'Watkins','mwatkins15@wiley.com','Masculino','Computadores','4/1/2008',125668,'Executive Secretary',7);
insert into funcionarios values (43,'Ferguson','mferguson16@qq.com','Masculino','Esporte','5/29/2009',82960,'Account Representative III',6);
insert into funcionarios values (44,'Simmons','asimmons17@csmonitor.com','Masculino','Filmes','12/21/2013',113857,'Developer III',2);
insert into funcionarios values (45,'Nguyen','mnguyen18@biblegateway.com','Masculino','Automotivo','1/24/2002',108378,'Electrical Engineer',7);
insert into funcionarios values (46,'Lawrence','jlawrence19@linkedin.com','Masculino','Outdoors','12/11/2011',133424,'Junior Executive',7);
insert into funcionarios values (47,'Oliver','joliver1a@cnbc.com','Feminino','Roupas','8/30/2013',42797,'Software Engineer III',5);
insert into funcionarios values (48,'Johnson','jjohnson1b@usgs.gov','Masculino','Computadores','4/26/2004',134940,'Financial Advisor',4);
insert into funcionarios values (49,'Crawford','hcrawford1c@dell.com','Masculino','Lar','12/21/2008',119471,'Editor',6);
insert into funcionarios values (50,'Armstrong','parmstrong1d@hc360.com','Feminino','Automotivo','3/16/2010',89969,'Senior Editor',4);
insert into funcionarios values (51,'Dixon','jdixon1e@dot.gov','Masculino','Bebês','9/26/2006',106281,'Senior Developer',3);
insert into funcionarios values (52,'Snyder','ssnyder1f@ca.gov','Feminino','Crianças','9/26/2002',141678,'Design Engineer',3);
insert into funcionarios values (53,'Coleman','dcoleman1g@dedecms.com','Masculino','Computadores','6/14/2008',110839,'Automation Specialist I',1);
insert into funcionarios values (54,'Reed','sreed1h@intel.com','Feminino','Brinquedos','4/15/2001',84275,'VP Marketing',5);
insert into funcionarios values (55,'Ross','jross1i@infoseek.co.jp','Masculino','Automotivo','4/21/2004',71363,'Environmental Tech',3);
insert into funcionarios values (56,'Watkins','kwatkins1j@youtu.be','Masculino','Jardim','12/2/2002',93680,'VP Accounting',3);
insert into funcionarios values (57,'Allen','jallen1k@google.cn','Feminino','Outdoors','11/20/2000',73755,'Geologist II',3);
insert into funcionarios values (58,'Baker','jbaker1l@usnews.com','Masculino','Games','3/2/2007',68857,'Information Systems Manager',2);
insert into funcionarios values (59,'Garcia','vgarcia1m@deviantart.com','Feminino','Saúde','3/19/2002',48360,'Registered Nurse',6);
insert into funcionarios values (60,'Lane','elane1n@un.org','Masculino','Outdoors','7/15/2004',104896,'Financial Advisor',5);
insert into funcionarios values (61,'Watson','cwatson1o@paypal.com','Feminino','Ferramentas','8/10/2009',81870,'Occupational Therapist',7);
insert into funcionarios values (62,'Boyd','aboyd1p@artisteer.com','Masculino','Automotivo','5/29/2007',69936,'Senior Editor',7);
insert into funcionarios values (63,'Young','hyoung1q@cisco.com','Feminino','Alimentícios','12/11/2007',138844,'Mechanical Systems Engineer',6);
insert into funcionarios values (64,'Cooper','tcooper1r@umich.edu','Masculino','Jardim','11/12/2011',139796,'Office Assistant IV',1);
insert into funcionarios values (65,'Jordan','jjordan1s@about.me','Feminino','Automotivo','1/27/2000',86939,'Tax Accountant',3);
insert into funcionarios values (66,'Rodriguez','lrodriguez1t@narod.ru','Masculino','Beleza','9/27/2003',141949,'Product Engineer',4);
insert into funcionarios values (67,'Mills','jmills1u@printfriendly.com','Feminino','Alimentícios','8/8/2004',114200,'Senior Sales Associate',7);
insert into funcionarios values (68,'Coleman','kcoleman1v@360.cn','Masculino','Beleza','9/2/2012',121378,'Web Developer I',7);
insert into funcionarios values (69,'Stewart','dstewart1w@usnews.com','Masculino','Brinquedos','8/22/2000',148144,'Data Coordiator',4);
insert into funcionarios values (70,'Jordan','ajordan1x@moonfruit.com','Feminino','Games','11/13/2004',93839,'Database Administrator III',2);
insert into funcionarios values (71,'Vasquez','evasquez1y@behance.net','Masculino','Bebês','10/20/2002',77285,'Operator',6);
insert into funcionarios values (72,'Knight','tknight1z@weibo.com','Feminino','Música','10/13/2002',135688,'Statistician I',4);
insert into funcionarios values (73,'Palmer','ipalmer20@newsvine.com','Masculino','Esporte','4/3/2002',78828,'Director of Sales',2);
insert into funcionarios values (74,'Washington','jwashington21@squidoo.com','Feminino','Lar','7/11/2000',47206,'Programmer III',3);
insert into funcionarios values (75,'Sanchez','dsanchez22@blog.com','Feminino','Outdoors','10/6/2013',78157,'Senior Financial Analyst',1);
insert into funcionarios values (76,'Grant','egrant23@prlog.org','Feminino','Eletronicos','7/23/2000',49296,'Software Test Engineer II',6);
insert into funcionarios values (77,'Daniels','ndaniels24@google.ca','Masculino','Ferramentas','2/7/2013',139061,'Environmental Specialist',3);
insert into funcionarios values (78,'Medina','jmedina25@dot.gov','Feminino','Games','9/16/2005',114989,'Marketing Assistant',3);
insert into funcionarios values (79,'Cunningham','acunningham26@simplemachines.org','Masculino','Roupas','9/15/2002',88345,'Junior Executive',6);
insert into funcionarios values (80,'Little','klittle27@un.org','Masculino','Música','9/12/2001',114647,'Editor',5);
insert into funcionarios values (81,'Welch','jwelch28@1und1.de','Masculino','Outdoors','7/24/2004',118514,'Accounting Assistant III',5);
insert into funcionarios values (82,'Gilbert','hgilbert29@xrea.com','Feminino','Lar','5/11/2003',93712,'Junior Executive',7);
insert into funcionarios values (83,'George','ageorge2a@gmpg.org','Masculino','Industrial','5/2/2009',86373,'Compensation Analyst',7);
insert into funcionarios values (84,'Hughes','mhughes2b@youtube.com','Masculino','Crianças','1/28/2013',122110,'Structural Engineer',6);
insert into funcionarios values (85,'Williams','jwilliams2c@businesswire.com','Feminino','Games','3/26/2006',95542,'Nurse',2);
insert into funcionarios values (86,'Martinez','wmartinez2d@barnesandnoble.com','Feminino','Outdoors','5/25/2013',131392,'Systems Administrator II',2);
insert into funcionarios values (87,'Hamilton','hhamilton2e@google.de','Masculino','Música','10/23/2010',98401,'VP Quality Control',1);
insert into funcionarios values (88,'Gomez','jgomez2f@mtv.com','Feminino','Ferramentas','9/19/2004',103806,'Accounting Assistant I',3);
insert into funcionarios values (89,'Webb','awebb2g@springer.com','Masculino','Saúde','4/10/2014',73686,'Tax Accountant',2);
insert into funcionarios values (90,'Thomas','tthomas2h@webnode.com','Masculino','Games','11/3/2011',55002,'Research Assistant IV',6);
insert into funcionarios values (91,'Wallace','swallace2i@state.tx.us','Masculino','Bebês','3/7/2005',65216,'Registered Nurse',4);
insert into funcionarios values (92,'Ortiz','aortiz2j@jigsy.com','Feminino','Automotivo','6/22/2010',113231,'Senior Editor',7);
insert into funcionarios values (93,'Knight','nknight2k@cafepress.com','Feminino','Eletronicos','4/3/2014',125847,'Chemical Engineer',5);
insert into funcionarios values (94,'Hunt','thunt2l@twitpic.com','Feminino','Música','5/31/2000',140430,'Senior Cost Accountant',2);
insert into funcionarios values (95,'Franklin','sfranklin2m@wordpress.com','Masculino','Filmes','11/6/2013',117105,'VP Quality Control',5);
insert into funcionarios values (96,'Mason','wmason2n@xrea.com','Masculino','Beleza','2/21/2004',96673,'Accounting Assistant I',1);
insert into funcionarios values (97,'Williams','wwilliams2o@berkeley.edu','Feminino','Games','3/14/2013',79267,'VP Quality Control',7);
insert into funcionarios values (98,'Freeman','lfreeman2p@tiny.cc','Feminino','Crianças','10/11/2007',109154,'Accountant I',4);
insert into funcionarios values (99,'Palmer','ipalmer2q@youku.com','Feminino','Books','4/24/2002',138815,'Physical Therapy Assistant',3);
insert into funcionarios values (100,'Bell','rbell2r@utexas.edu','Masculino','Esporte','8/3/2007',68210,'Registered Nurse',4);
insert into funcionarios values (101,'Rivera','jrivera2s@oakley.com','Masculino','Games','11/16/2002',137281,'VP Sales',3);
insert into funcionarios values (102,'Matthews','kmatthews2t@oaic.gov.au','Masculino','Saúde','8/9/2008',114970,'Statistician IV',2);
insert into funcionarios values (103,'Reed','dreed2u@arstechnica.com','Masculino','Automotivo','7/19/2003',126001,'Structural Engineer',6);
insert into funcionarios values (104,'Adams','eadams2v@yandex.ru','Masculino','Alimentícios','9/16/2003',78736,'Financial Analyst',6);
insert into funcionarios values (105,'Young','syoung2w@cmu.edu','Masculino','Calçados','9/16/2009',80830,'Quality Control Specialist',4);
insert into funcionarios values (106,'Gardner','rgardner2x@theguardian.com','Masculino','Crianças','8/6/2009',47879,'Product Engineer',5);
insert into funcionarios values (107,'Castillo','bcastillo2y@cornell.edu','Feminino','Computadores','3/31/2004',132634,'Civil Engineer',2);
insert into funcionarios values (108,'Perkins','jperkins2z@prlog.org','Masculino','Roupas','7/14/2005',68344,'Senior Cost Accountant',7);
insert into funcionarios values (109,'Freeman','bfreeman30@fda.gov','Feminino','Roupas','10/14/2007',147868,'General Manager',6);
insert into funcionarios values (110,'Howell','whowell31@free.fr','Masculino','Books','4/15/2011',67255,'Geologist III',4);
insert into funcionarios values (111,'Austin','naustin32@discuz.net','Feminino','Computadores','6/13/2012',47494,'Help Desk Operator',6);
insert into funcionarios values (112,'Morris','amorris33@irs.gov','Feminino','Filmes','7/19/2013',127645,'Legal Assistant',1);
insert into funcionarios values (113,'Moore','kmoore34@shareasale.com','Masculino','Bebês','3/1/2000',54413,'Operator',5);
insert into funcionarios values (114,'Sims','msims35@i2i.jp','Masculino','Alimentícios','12/6/2012',136790,'Nuclear Power Engineer',2);
insert into funcionarios values (115,'Nguyen','rnguyen36@bandcamp.com','Feminino','Roupas','6/30/2007',58420,'Graphic Designer',1);
insert into funcionarios values (116,'Wells','awells37@theatlantic.com','Masculino','Industrial','1/17/2002',73813,'Occupational Therapist',3);
insert into funcionarios values (117,'Martin','jmartin38@chron.com','Masculino','Filmes','10/2/2012',49644,'Senior Developer',4);
insert into funcionarios values (118,'Fox','pfox39@discovery.com','Masculino','Automotivo','9/3/2009',87134,'Assistant Manager',3);
insert into funcionarios values (119,'Washington','wwashington3a@dot.gov','Feminino','Roupas','10/6/2008',148408,'Speech Pathologist',3);
insert into funcionarios values (120,'Evans','wevans3b@scientificamerican.com','Feminino','Brinquedos','1/23/2008',77335,'Chemical Engineer',4);

/*EXERCICIOS*/

/*MODA*/
SELECT DEPARTAMENTO,COUNT(SALARIO)
FROM FUNCIONARIOS
GROUP BY DEPARTAMENTO
ORDER BY 2;

/*MODA DEPARTAMENTAL*/
SELECT DEPARTAMENTO,COUNT(NOME)
FROM FUNCIONARIOS
GROUP BY DEPARTAMENTO
ORDER BY 2;

/*DESVIO PADRAO*/
SELECT DEPARTAMENTO,ROUND(STDDEV_POP(SALARIO),2)AS "DESVIO PADRAO"
FROM FUNCIONARIOS
GROUP BY DEPARTAMENTO;

/*MEDIANA DO SET DE DADOS*/
CREATE OR REPLACE FUNCTION MEDIANA( NUMERIC[])
  RETURNS NUMERIC AS
$$
  SELECT AVG(VAL)
  FROM(
      SELECT VAL
      FROM UNNEST($1)VAL
      ORDER BY 1
      LIMIT 2 - MOD(ARRAY_UPPER($1,1),2)
      OFFSET CEIL(ARRAY_UPPER($1,1)/2.0)-1
      )SUB;
$$
LANGUAGE 'SQL' IMMUTABLE;

CREATE AGGREGATE MEDIAN(NUMERIC)(
  SFUNC = ARRAY_APPEND,
  STYPE = NUMERIC[],
  FINALFUNC = MEDIANA,
  INITCOND ='{}'
);

SELECT ROUND(MEDIAN(SALARIO),2) AS MEDIANA
FROM FUNCIONARIOS;

